{
  "hits": 0,
  "timeFrom": "now-15m",
  "timeRestore": true,
  "description": "",
  "title": "Basic-Topbeat-Dashboard",
  "uiStateJSON": "{}",
  "panelsJSON":"[{\"col\":8,\"id\":\"System-load\",\"panelIndex\":2,\"row\":1,\"size_x\":5,\"size_y\":4,\"type\":\"visualization\"},{\"col\":1,\"id\":\"Memory-usage\",\"panelIndex\":5,\"row\":13,\"size_x\":12,\"size_y\":4,\"type\":\"visualization\"},{\"col\":1,\"id\":\"CPU-usage\",\"panelIndex\":7,\"row\":5,\"size_x\":12,\"size_y\":4,\"type\":\"visualization\"},{\"col\":1,\"id\":\"Servers\",\"panelIndex\":11,\"row\":1,\"size_x\":7,\"size_y\":4,\"type\":\"visualization\"},{\"col\":1,\"id\":\"Disk-utilization-over-time\",\"panelIndex\":12,\"row\":9,\"size_x\":12,\"size_y\":4,\"type\":\"visualization\"}]",
  "timeTo": "now",
  "optionsJSON": "{\"darkTheme\":false}",
  "version": 1,
  "kibanaSavedObjectMeta": {
    "searchSourceJSON": "{\"filter\":[{\"query\":{\"query_string\":{\"analyze_wildcard\":true,\"query\":\"*\"}}}]}"
  }
}
