{
  "hits": 0,
  "timeFrom": "now-15m",
  "timeRestore": true,
  "description": "",
  "title": "Default-Topbeat-Dashboard", 
  "uiStateJSON": "{}",
  "panelsJSON": "[{\"col\":1,\"id\":\"Navigation\",\"panelIndex\":1,\"row\":1,\"size_x\":3,\"size_y\":4,\"type\":\"visualization\"},{\"col\":4,\"id\":\"System-load\",\"panelIndex\":2,\"row\":1,\"size_x\":9,\"size_y\":4,\"type\":\"visualization\"},{\"col\":8,\"id\":\"Process-status\",\"panelIndex\":4,\"row\":5,\"size_x\":5,\"size_y\":4,\"type\":\"visualization\"},{\"col\":1,\"id\":\"Memory-usage\",\"panelIndex\":5,\"row\":9,\"size_x\":6,\"size_y\":4,\"type\":\"visualization\"},{\"col\":7,\"id\":\"CPU-usage\",\"panelIndex\":7,\"row\":9,\"size_x\":6,\"size_y\":4,\"type\":\"visualization\"},{\"col\":1,\"id\":\"CPU-usage-per-process\",\"panelIndex\":8,\"row\":13,\"size_x\":6,\"size_y\":4,\"type\":\"visualization\"},{\"col\":7,\"id\":\"Memory-usage-per-process\",\"panelIndex\":9,\"row\":13,\"size_x\":6,\"size_y\":4,\"type\":\"visualization\"},{\"col\":1,\"id\":\"Top-processes\",\"panelIndex\":10,\"row\":17,\"size_x\":6,\"size_y\":5,\"type\":\"visualization\"},{\"col\":1,\"id\":\"Servers\",\"panelIndex\":11,\"row\":5,\"size_x\":7,\"size_y\":4,\"type\":\"visualization\"},{\"col\":7,\"id\":\"Disk-utilization-over-time\",\"panelIndex\":12,\"row\":17,\"size_x\":6,\"size_y\":5,\"type\":\"visualization\"}]",
  "timeTo": "now",
  "optionsJSON": "{\"darkTheme\":false}",
  "version": 1,
  "kibanaSavedObjectMeta": {
    "searchSourceJSON": "{\"filter\":[{\"query\":{\"query_string\":{\"analyze_wildcard\":true,\"query\":\"*\"}}}]}"
  }
}
